<?xml version="1.0" encoding="UTF-8" ?>
<odoo>
    <data noupdate="1">

<!--        <record id="res_groups_read_session" model="res.groups">-->
<!--            <field name="name">Read sessions</field>-->
<!--        </record>-->

        <record id="group_manager_openacademy" model="res.groups">
            <field name="name">OpenAcademy / Manager</field>
        </record>

        <record id="only_responsible_can_modify" model="ir.rule">
            <field name="name">Only Responsible can modify Course</field>
            <field name="model_id" ref="model_test_module_categories"/>
            <field name="groups" eval="[(4, ref('custom_addons.group_manager_openacademy'))]"/>
            <field name="perm_read" eval="0"/>
            <field name="perm_write" eval="1"/>
            <field name="perm_create" eval="0"/>
            <field name="perm_unlink" eval="1"/>
            <field name="domain_force">
                ['|', ('responsible_id','=',False),
                      ('responsible_id','=',user.id)]
            </field>
        </record>

    </data>
</odoo>