<?xml version="1.0" encoding="UTF-8" ?>
<odoo>

    <record id="email_template_openacademy_session" model="mail.template">
        <field name="name">Session - Send By Email</field>
        <field name="email_from">${ctx['email_from']}</field>
        <field name="subject">Session Starting Soon</field>
        <field name="lang">${object.lang}</field>
        <field name="email_to">${ctx['email_to']}</field>
        <field name="model_id" ref="openacademy.model_openacademy_session"/>
        <field name="report_template" ref="openacademy.report_session"/>
        <field name="report_name">Session ${object.name}</field>
        <field name="auto_delete" eval="True"/>
        <field name="body_html"><![CDATA[
            <table border="0" cellpadding="0" cellspacing="0" width="590"
                   style="background-color: white;color: solid black; border-collapse: collapse; margin-left: 20px;">
                <tr>
                    <td valign="top" style="padding: 0px 10px;">
                        <div style="font-size: 13px; margin: 0px; padding: 0px;">
                            <p>Hello Dear ${ctx['attendee']},</p><br/>
                            <p>The session ${object.name} for the course ${object.course_id.course_name}.
                            Session start date: ${object.start_date} and end date: ${object.end_date}</p>
                            <p>The session will be ${object.duration} hours long.</p>
                            <p>The detail is attached as PDF this email</p><br/>
                            <p>Thank You.</p>
                        </div>
                    </td>
                </tr>
            </table>
            ]]>
        </field>
    </record>

</odoo>