<?xml version="1.0" encoding="UTF-8" ?>
<odoo>

    <record id="ir_cron_openacademy_session_notification" model="ir.cron">
        <field name="name">Attendees: Notify About Session</field>
        <field name="model_id" ref="model_openacademy_session"/>
        <field name="state">code</field>
        <field name="code">model.action_send_session_by_email_cron()</field>
        <field name="user_id" ref="base.user_root" />
        <field name="interval_number">1</field>
        <field name="interval_type">days</field>
        <field name="numbercall">-1</field>
    </record>

</odoo>